JA32U2FU8EU012527,1989,Mazda,Familia,Humble,TX
WAUGFAFR6EA032670,1985,Mercedes-Benz,S-Class,Atlanta,GA
1G4PS5SK3C4984757,1993,Subaru,Justy,Stamford,CT
JTDBT4K36B1883355,1966,Pontiac,Bonneville,Flint,MI
JN8AF5MV9FT097037,1986,Mercedes-Benz,S-Class,El Paso,TX
3D73Y3CL0BG971842,1999,Nissan,Sentra,Rochester,MN
1GTN1TEX6CZ846353,1990,Mercedes-Benz,SL-Class,New York City,NY
WAUVT58E85A646332,1984,Mitsubishi,Mirage,Washington,DC
19VDE2E55DE537858,2012,Volvo,XC90,Anniston,AL
WBA3F9C58EF204506,2003,Mercedes-Benz,CL-Class,Minneapolis,MN
WBA3A5C56DJ496465,2008,Audi,A6,Buffalo,NY
WBA3A5C54EF482584,2002,Isuzu,Rodeo Sport,San Diego,CA
1FBAX2CM0FK208100,1996,Isuzu,Oasis,Santa Fe,NM
1FTEW1CM2DK402828,2005,Ford,E-Series,Cleveland,OH
5TFBW5F10DX877931,2003,Suzuki,Aerio,Lakeland,FL
WAURFAFR2BA661217,1995,Mercury,Villager,Charleston,SC
1J4NF1GB0AD574622,2011,Toyota,Venza,New York City,NY
1FTEW1CM9CK604693,2007,Mazda,Mazda6,Springfield,MO
WBASN4C50CC629072,2007,Chevrolet,Cobalt SS,Montgomery,AL
JTHDU1EF7C5675147,2000,Jaguar,XK Series,Birmingham,AL
1GYS4AEF5ER252744,2001,Chevrolet,Suburban 1500,Fort Worth,TX
WAUGFAFC9FN998758,1998,Chevrolet,Blazer,Los Angeles,CA
WBAKG7C52DE911859,2002,Jeep,Liberty,Memphis,TN
1D7RW3GK8AS745427,2011,Aston Martin,DBS,Athens,GA
JM3TB2MA0A0623715,2005,BMW,330,Chicago,IL
1G6AB5SA9D0853443,1990,Mitsubishi,Galant,Newark,NJ
1FTSX2A58AE364596,2011,Ford,Expedition EL,Gastonia,NC
WAUAH74F79N736113,2001,Volvo,S80,Sacramento,CA
3GYFNAE31DS514744,1989,Lexus,ES,New Orleans,LA
SCFHDDAJ1BA894823,2006,Mitsubishi,Eclipse,Anchorage,AK
JTDBT4K30B1003637,2002,Pontiac,Bonneville,Saginaw,MI
WAUKH98E86A889703,2005,Aston Martin,DB9,Inglewood,CA
SCBBP9ZAXCC525206,2010,MINI,Cooper,Peoria,IL
SCFEBBAK0EG303744,2007,Suzuki,XL-7,Baltimore,MD
1N4AL3AP8DC784334,2011,Chevrolet,Colorado,Valdosta,GA
19UYA41643A191397,2013,BMW,X6 M,Fresno,CA
SCBDC47L27C362021,1987,Mazda,929,New Castle,PA
WAUHFBFL8DN026589,2006,Ford,Explorer Sport Trac,Waterbury,CT
3C63DPAL5CG721165,2007,Mercedes-Benz,CLK-Class,New York City,NY
KL4CJDSB8FB706706,1993,Pontiac,Sunbird,Salt Lake City,UT
WA1DKBFP7CA295442,2005,MINI,Cooper,Spokane,WA
1N6AA0EC0FN396458,2007,Bentley,Continental Flying Spur,Fort Collins,CO
WAUMFAFL6DA929551,2010,Dodge,Caliber,Jacksonville,FL
WAUAFAFH0CN316511,1997,Toyota,T100 Xtra,Indianapolis,IN
2HNYD2H29DH743499,2000,Daewoo,Lanos,Baltimore,MD
5GAER13718J889456,1992,Dodge,Colt,Toledo,OH
1FTSW2A52AE070355,1969,Plymouth,Roadrunner,Washington,DC
5N1AN0NW3FN810569,2012,Infiniti,FX,New York City,NY
WAUXF78K29A022128,1997,Mercury,Cougar,Chicago,IL
WBABD53466P918485,2008,BMW,7 Series,Philadelphia,PA
SCFFDECN2CG221051,1999,Jeep,Cherokee,Houston,TX
JN1CV6AP1AM730185,2005,Chevrolet,Cavalier,New Bedford,MA
5UXFB93592L509200,1989,Maserati,228,Olympia,WA
JN1AZ4EH2EM067878,1993,GMC,Rally Wagon 2500,Kansas City,MO
WBAVA33577K327633,2009,Ford,Flex,Schenectady,NY
WP1AA2A25DL762091,2003,Jaguar,S-Type,Kansas City,MO
1D7CE5GK3AS747302,2011,Mazda,Miata MX-5,Denver,CO
2G61M5S30E9907831,2009,Lexus,IS-F,Boca Raton,FL
WAUHFAFL3AN262699,1970,Mercury,Cougar,Yakima,WA
WAUMFAFL0AN458341,2002,Toyota,Sienna,Cincinnati,OH
WDCGG0EB2EG952379,2012,MINI,Cooper Countryman,Washington,DC
WVGAV7AX2CW481943,2003,Ford,E350,Erie,PA
WBASN4C53BC847733,1993,Oldsmobile,Ciera,Tacoma,WA
KNADH4A38B6738099,1997,GMC,3500 Club Coupe,San Antonio,TX
WAUWKAFR5AA935572,2010,Kia,Sportage,Sacramento,CA
WAUGL58E65A964863,2012,Subaru,Impreza,Amarillo,TX
2T1BURHE6EC566257,1995,GMC,Suburban 2500,Omaha,NE
WBAWV13517P630634,1990,Pontiac,LeMans,Mobile,AL
WA1CMAFE4DD722056,2012,Mazda,Mazda6,Evanston,IL
1C3CDFCB4FD080488,1965,Ford,Mustang,Baton Rouge,LA
WBAVC73567A761694,1986,Mitsubishi,Mirage,Las Cruces,NM
WAUBF98EX8A518485,2005,Chrysler,Sebring,Peoria,AZ
19XFA1F25AE995910,2002,Audi,TT,Falls Church,VA
YV126MFB0F1121891,2012,Chevrolet,Camaro,San Bernardino,CA
1FAHP3EN5BW457672,2007,Aston Martin,V8 Vantage,Richmond,VA
WVWAB7AJ2CW192098,2011,Ford,Expedition,Long Beach,CA
5NPDH4AE7DH705270,2004,Cadillac,DeVille,San Jose,CA
1G6AG5RX2E0944874,1994,Lexus,GS,Houston,TX
JH4DC538X5S259497,2008,Saab,9-3,Austin,TX
JTDKTUD30DD883754,2010,Toyota,Matrix,Albany,NY
WAUEF98E86A311281,1995,Eagle,Talon,Palm Bay,FL
1N6AA0CA1FN613484,2009,Cadillac,Escalade ESV,Charleston,SC
1N4AL3AP6EC325174,1989,Maserati,430,Wichita,KS
1G4GB5GR4CF956251,2002,BMW,5 Series,Pasadena,CA
1FTEX1CM6DF755417,2009,Toyota,Prius,Gainesville,FL
5N1AA0NC4CN140866,2011,Suzuki,SX4,Tucson,AZ
WAUKD98P46A390250,2007,Mazda,MX-5,Springfield,IL
WAUKG78E65A151601,2003,Infiniti,M,Carlsbad,CA
5FRYD3H63EB748900,2006,Hummer,H3,Spring Hill,FL
JTEBU5JR5B5217973,2012,Jeep,Patriot,Mountain View,CA
2G4GK5EX7E9154306,2005,Suzuki,Verona,Omaha,NE
YV4952CF5B1650683,2001,Isuzu,VehiCROSS,Boston,MA
1FTEW1CW8AK823479,2012,Jaguar,XF,Des Moines,IA
5N1AR2MM7EC983442,1999,Ford,Crown Victoria,Fresno,CA
2FMDK3KC2AB821775,2005,Nissan,Murano,Lakewood,WA
YV126MFC1F1854704,2010,BMW,M5,Washington,DC
1D7RB1CT3BS148783,1993,Honda,Civic,Denver,CO
WBA6B4C50FD869831,2001,Jaguar,XK Series,Sacramento,CA
ML32A3HJ8EH484662,1978,Chevrolet,Corvette,Greensboro,NC
WUARL48H79K548565,2003,Mitsubishi,Eclipse,Utica,NY
JN8AZ1MU2DW439396,1995,Oldsmobile,Silhouette,Winston Salem,NC
WBAGN63544D602549,2007,Chevrolet,Silverado,Zephyrhills,FL
1HGCR2E37FA402300,1993,Nissan,Maxima,Midland,TX
WAUDFBFL1AN668131,1990,Pontiac,LeMans,Kansas City,MO
1G6AM5SX8D0902372,2006,Ford,Explorer Sport Trac,Kalamazoo,MI
1G4GB5GG7AF402956,1995,Chevrolet,G-Series G20,Milwaukee,WI
JN1BY1AR3FM132677,2007,Lexus,SC,New York City,NY
3D73Y3CL6AG034007,2003,Dodge,Ram 2500,Los Angeles,CA
JHMZE2H74ES704976,1997,Honda,Odyssey,Nashville,TN
JN8AZ1MU3DW736001,1997,Chevrolet,Venture,Norcross,GA
WP0CA2A82DS757664,2004,Audi,A6,Cincinnati,OH
WVGEF9BP1ED508069,1996,Ford,Windstar,Terre Haute,IN
JH4DC43641S874176,1995,Oldsmobile,Ciera,Roanoke,VA
WBA3R1C5XFK783287,1963,Ford,E-Series,Pittsburgh,PA
4A4AP3AU0EE939011,2009,Dodge,Ram 2500,Trenton,NJ
WAUKH94F67N899302,1997,GMC,Suburban 1500,Muncie,IN
KL4CJGSB0EB902963,2007,Volvo,V50,Lafayette,LA
19XFB2F56DE561660,2005,Dodge,Caravan,Arlington,VA
3VW467AT8DM086515,2011,Chevrolet,Suburban,Huntington,WV
WA1DMAFP5EA300872,1997,Pontiac,Bonneville,Norwalk,CT
3N1AB6AP7BL337397,1999,Chrysler,Cirrus,Ridgely,MD
WAUCFAFH8AN800237,1987,Porsche,911,Birmingham,AL
1FTEX1E80AF749611,2011,Jeep,Patriot,Washington,DC
5N1AR1NB1CC305726,1987,Buick,Riviera,Madison,WI
WAUDL94F55N570014,1994,Chevrolet,Corsica,Dayton,OH
4T1BD1EB6EU260010,2007,Volkswagen,Rabbit,Richmond,VA
5FPYK1F24BB993610,2003,Chevrolet,Express 1500,Topeka,KS
1NXBU4EE6AZ816564,2001,Kia,Spectra,San Diego,CA
1FTEW1CF0FK408843,2005,Chevrolet,Blazer,Miami,FL
WA1WYBFE7AD497506,1992,Porsche,968,Lafayette,LA
JTHBW1GG7D2775159,2012,Nissan,370Z,Houston,TX
WBA3V7C5XF5232788,1999,Plymouth,Grand Voyager,Seattle,WA
WBSPM9C55BE885633,2004,Porsche,911,Birmingham,AL
3VW1K7AJ7FM553486,1995,GMC,3500 Club Coupe,Columbus,GA
WBABW33405P760464,2005,Volvo,S60,Indianapolis,IN
WBAGK93461D343026,1998,Lexus,ES,Monroe,LA
WA1CGAFE4FD736548,2005,Cadillac,DeVille,Nashville,TN
WVWGU9AN6BE063871,2008,Mazda,Mazdaspeed 3,Hartford,CT
SCFFDCBD4BG219121,2010,Kia,Forte,Lincoln,NE
4T1BF3EK9AU122591,1999,Mercury,Villager,Richmond,CA
JM3TB2MA2A0557765,2006,Ford,Freestar,Palmdale,CA
1G6DA67V280235128,2006,GMC,Sierra 2500,Vancouver,WA
5UXFG8C55AL967195,1998,Oldsmobile,LSS,Madison,WI
WBAYF8C56FD412929,1994,Eagle,Vision,Milwaukee,WI
5FPYK1F47DB703266,2008,Lexus,GX,Saint Paul,MN
SALGR2WF3EA666999,1993,GMC,3500,Bethesda,MD
JH4CL96994C296170,1985,Volkswagen,Cabriolet,Miami,FL
JN1AY1AP1BM703880,1992,Chevrolet,Sportvan G10,Charleston,SC
WBABS33403J399815,2002,Dodge,Ram 2500,Rochester,NY
JTDKN3DU1F0722496,1984,Pontiac,Grand Prix,Pinellas Park,FL
3D7LT2ET9BG749001,2003,Mercury,Grand Marquis,Las Cruces,NM
3VW467AT4DM572240,1986,Mitsubishi,Cordia,Charleston,WV
SAJWA0FB0CL022729,1999,Chevrolet,3500,San Diego,CA
JN1BY1AP6FM960060,1995,Audi,riolet,Spokane,WA
WBAUN13568V392557,1994,Geo,Prizm,Topeka,KS
WAUAF98E85A992667,2010,Ferrari,599 GTB Fiorano,Modesto,CA
1FMCU9E77AK983513,2009,Nissan,Armada,Stockton,CA
WBAWC33548P335062,2001,Toyota,RAV4,Monroe,LA
JM1NC2PF3F0070510,2005,Aston Martin,Vanquish S,Dallas,TX
1D7RB1CP9AS294445,1999,Mazda,626,Wilkes Barre,PA
1G4GL5E35CF862133,2011,Kia,Sportage,Gastonia,NC
WVGAV7AXXCW749928,2009,BMW,5 Series,Chicago,IL
JN8AS5MT1AW379836,2010,Maserati,Quattroporte,Corpus Christi,TX
KNADH4A3XB6036253,1995,Volvo,960,Albany,NY
SAJWA4EC0CM686430,2009,Jeep,Commander,Buffalo,NY
5UXFG2C55CL305441,1992,Infiniti,M,Raleigh,NC
WBSBL93456P282020,1997,Dodge,Caravan,Palm Bay,FL
5FPYK1F23BB665790,1985,Plymouth,Voyager,Milwaukee,WI
JM1NC2LF0D0324757,2008,Jeep,Liberty,Austin,TX
3GYEK63N83G570302,2005,BMW,Z4,Reno,NV
WAUAF48H19K718191,1998,Land Rover,Range Rover,Winston Salem,NC
WAULFAFH3BN552075,1994,Chevrolet,Corvette,Akron,OH
YV4960BZ3A1680986,1986,Audi,5000S,West Palm Beach,FL
WAUWFAFH9EN446456,1999,Plymouth,Prowler,Washington,DC
WBA3N3C5XEK715318,2009,Mercedes-Benz,GL-Class,San Jose,CA
5TDBM5G11CS768791,2012,McLaren,MP4-12C,Washington,DC
SCBBP9ZA1BC972375,2007,Chevrolet,Malibu,Sacramento,CA
KMHHT6KD8CU524664,2012,Lexus,IS-F,Beaverton,OR
YV1902FH4D1654459,1997,Honda,Passport,Birmingham,AL
1D7CW2BK0AS282030,2009,Scion,xB,Akron,OH
WAUPFAFM7CA818706,2012,Lexus,CT,San Diego,CA
3VW4S7AT6EM415564,2006,Lamborghini,Gallardo,San Diego,CA
5J8TB4H53FL081678,2009,Cadillac,Escalade ESV,Salt Lake City,UT
5N1AA0NE9EN422053,1994,Pontiac,Firefly,Colorado Springs,CO
1FTEX1CM0DK141549,1985,Buick,Regal,Billings,MT
JN8AZ2KR5BT730073,1963,Ford,E-Series,Salt Lake City,UT
KL4CJDSBXEB955703,1992,GMC,3500,Paterson,NJ
WA1UFAFL3FA765983,2011,Volvo,C70,Chicago,IL
NM0AE8F70F1359678,1996,Jeep,Cherokee,Wilmington,DE
4F2CY0C74AK331698,1987,Buick,Regal,Las Vegas,NV
3D7LT2ET5AG396531,1998,BMW,M3,Miami,FL
WUARU98E97N373831,2006,Ford,Focus,Toledo,OH
3LNHL2GC0AR148815,1997,Pontiac,Grand Am,Glendale,AZ
SAJWA6FC3E8663004,2010,Dodge,Charger,Fresno,CA
WUADNAFGXAN349235,1992,Toyota,MR2,Houston,TX
WAUSF98E86A156668,1995,Buick,Regal,Des Moines,IA
WBAUP93589V934641,2001,GMC,Yukon XL 2500,Houston,TX
JA4AD2A34EZ196664,2008,Land Rover,LR2,Minneapolis,MN
5GADV33L25D088061,1992,Chevrolet,Beretta,Gainesville,GA
WAUPL58E55A122600,2009,Volvo,S60,Arlington,TX
WAUAH94F96N362093,1998,Isuzu,Hombre,Racine,WI
5NPEB4AC8BH602084,1989,Suzuki,Swift,Columbus,GA
19XFB2E5XDE268345,1996,Chevrolet,G-Series 1500,Chattanooga,TN
3VW4A7AT4DM683661,1993,Isuzu,Space,New Orleans,LA
1GYFK33239R906214,2006,Ford,Mustang,Saint Petersburg,FL
KNDMA5C12F6611766,1984,Mazda,GLC,Fresno,CA
WBADW3C5XDE709842,1986,Buick,Skylark,Akron,OH
WBXPA73494W721667,1995,Toyota,Camry,Augusta,GA
2G4GT5GC9B9663672,2010,Jeep,Wrangler,Saint Paul,MN
2C3CDXFG0EH250943,1989,Citroën,CX,Evansville,IN
5UMCL93432L262499,2001,Hyundai,XG300,Jamaica,NY
2T1KE4EE1CC891352,1990,Buick,Coachbuilder,Long Beach,CA
5J6YH1H32BL220588,1995,Audi,riolet,Mesa,AZ
3C6TD5HT6CG015994,1996,Volkswagen,Golf,Roanoke,VA
3D73M4CLXAG530817,1992,Volkswagen,GTI,Washington,DC
5FPYK1F2XCB453647,1995,Mercury,Mystique,Henderson,NV
WBAEK73454B568825,2008,Volkswagen,Touareg,Santa Monica,CA
YV4902DZ0E2621419,1986,Ford,LTD Crown Victoria,Davenport,IA
1GYS3JEFXBR092620,1995,BMW,7 Series,Hollywood,FL
NM0AE8F72F1014331,2001,Jeep,Wrangler,Springfield,IL
3C63D3DL1CG363163,2003,Mazda,MX-5,Oceanside,CA
3N1BC1AP9AL687598,1966,Pontiac,Bonneville,Austin,TX
1FTKR1AD4BP848556,1996,Honda,Civic,Dallas,TX
WBADT434X1G975741,2002,Honda,Pilot,Mountain View,CA
JTDBT4K33B4042821,2008,Chevrolet,Express 1500,Philadelphia,PA
5N1AT2MK1EC550912,1992,Mercedes-Benz,500E,Fort Wayne,IN
5FRYD3H64FB485723,2004,Kia,Amanti,Charlotte,NC
WBAWL73597P452383,1996,Honda,Accord,San Diego,CA
JTHBB1BA9B2388205,2003,Toyota,Sequoia,Philadelphia,PA
KNDPB3A20C7121911,2006,BMW,550,San Antonio,TX
KNADH4A30A6034915,2002,Mitsubishi,Challenger,Naples,FL
2FMHK6CC9AB732948,2005,Lincoln,Aviator,Atlanta,GA
WAURFAFRXAA482891,2009,Mitsubishi,Galant,Milwaukee,WI
KNADM4A37C6363514,1998,Volvo,C70,Buffalo,NY
WBABN53401J051593,2002,Chevrolet,Blazer,Dayton,OH
KM8JT3AC3AU612401,1992,Mitsubishi,Eclipse,San Jose,CA
1FADP5CU5FL739497,1990,Ford,Aerostar,Sioux Falls,SD
WA1CFAFPXEA076715,2009,Mercury,Sable,Carol Stream,IL
WAUMFAFLXCA906269,2008,Ford,F450,Dallas,TX
KNAFU6A29A5419273,2002,Ford,E-Series,Shreveport,LA
JM1NC2MF2D0365518,2007,Audi,A4,Charleston,SC
SCFFDABM5EG567938,2003,Toyota,Highlander,White Plains,NY
JH4CU2F6XEC061739,1999,Hummer,H1,Washington,DC
WDDEJ9EB6DA031857,2001,Chevrolet,Cavalier,Fort Wayne,IN
4F2CY0C73BK621318,1993,Pontiac,Sunbird,Orlando,FL
5TDDCRFH3FS061035,2009,Saturn,Outlook,Houston,TX
3VWML7AJ3EM540629,2005,Mitsubishi,Lancer,Houston,TX
WA1AM94L19D242183,2012,Chevrolet,Express,Birmingham,AL
1GYS3JKJ9FR113987,2003,Chrysler,Town & Country,Huntington,WV
2V4RW3D14AR087165,1986,Subaru,XT,Miami,FL
5FRYD3H90GB584521,2004,BMW,545,Lubbock,TX
1G6DP1E35D0029279,2011,Nissan,Leaf,Shreveport,LA
5UXWX7C57F0908684,1977,MG,MGB,Charlotte,NC
WDDGF4HB9DA839323,1997,Dodge,Avenger,Lubbock,TX
3FAHP0CG7CR661915,2009,Volkswagen,GTI,Las Vegas,NV
WBADN63483G692960,2007,Bentley,Continental GT,Newark,NJ
TRUSX28N711738332,2003,Lexus,ES,Huntsville,TX
5UXFE83548L475211,2012,Volkswagen,Tiguan,Corpus Christi,TX
JN8AF5MR1DT609941,2011,Mitsubishi,Galant,Oklahoma City,OK
JN8AE2KP0D9557864,1999,Pontiac,Grand Prix,Sarasota,FL
WBS3R9C55FF104917,2002,Mercedes-Benz,CLK-Class,Wichita,KS
1GYS3FEJ4DR377012,1984,Lincoln,Continental,Miami,FL
WBAAV334X1F793082,2003,Ford,Explorer Sport,Rochester,NY
WBABN534X2J166803,2012,Jeep,Compass,Washington,DC
2HKRM3H39FH133881,1993,Cadillac,DeVille,Norwalk,CT
5N1AT2ML0FC168820,2013,Toyota,Land Cruiser,Grand Rapids,MI
WBAUP7C57BV722839,2004,BMW,7 Series,Columbia,MO
19XFA1E37AE813411,1989,Mercury,Tracer,College Station,TX
2G61S5S37E9035394,1995,Ford,Aspire,Green Bay,WI
WAUGFAFR7AA581210,1993,Saab,9000,Durham,NC
1GKS2FFJ1BR912368,2009,Bentley,Brooklands,Waterbury,CT
3C3CFFER4FT648317,1988,Mitsubishi,L300,El Paso,TX
JN8AZ1MU0CW385966,2011,Chevrolet,Silverado 3500,Harrisburg,PA
1B3AZ6EZ3AV418319,1990,Volkswagen,GTI,El Paso,TX
1D4PU6GX7AW775874,2011,Rolls-Royce,Phantom,Toledo,OH
1GYUCJEF5AR446101,2006,Ford,Ranger,Chicago,IL
5N1AZ2MG3FN020568,2003,Toyota,MR2,Anniston,AL
JTEBU5JR6F5642785,1995,Volkswagen,Eurovan,Buffalo,NY
WAUEKBFBXAN046456,2002,Pontiac,Grand Am,Jacksonville,FL
1G6DA1E34D0710888,2001,Mercedes-Benz,SL-Class,Longview,TX
3D7TP2CT1BG201565,1995,Oldsmobile,Ciera,Fort Worth,TX
WAUJT54B23N874178,1990,Ford,LTD Crown Victoria,Sacramento,CA
YV4902DZ2D2124886,1992,Dodge,Ram 50,Huntington Beach,CA
SAJWA4DC7DM597781,1991,Mercedes-Benz,S-Class,Cincinnati,OH
WBAEA5C54AC909217,2002,Ford,ZX2,Vancouver,WA
2C4RDGEG7CR012652,1993,Dodge,D250,Milwaukee,WI
SCBCR7ZA3AC109708,1989,Pontiac,Sunbird,Everett,WA
WAUEF98E37A958978,1990,Pontiac,Turbo Firefly,Kansas City,KS
1C4SDHCT7DC463291,2009,Chrysler,Town & Country,Syracuse,NY
WAUCFAFH0FN636652,1985,Buick,LeSabre,Cleveland,OH
2C3CDXFG8FH329214,2006,Pontiac,Grand Prix,Oakland,CA
4USCK73482L807263,2002,Mazda,Tribute,Gainesville,FL
3N6CM0KNXFK947040,2005,Mitsubishi,Lancer Evolution,Memphis,TN
KMHHU6KJ2FU105717,1998,Buick,LeSabre,Charleston,WV
YV440MBD5F1828344,2005,Dodge,Grand Caravan,New York City,NY
3GYFK66N04G855285,2002,Acura,RSX,Madison,WI
YV1672MC3CJ677638,1997,Lexus,LX,Hicksville,NY
1GKMCCE38AR613739,2010,Chevrolet,Silverado 3500,Charleston,SC
2HNYD28487H363253,1992,Land Rover,Range Rover,Honolulu,HI
WBASN4C58CC915896,2005,Volkswagen,Passat,Akron,OH
WBAGH83421D454892,2002,Honda,Accord,Metairie,LA
WAUVC68E03A760229,2010,Chevrolet,Express 2500,Palo Alto,CA
5N1CR2MM7EC869014,2001,Hyundai,Sonata,Grand Rapids,MI
2T1BU4EE6BC666975,1994,GMC,Sonoma Club Coupe,Asheville,NC
WP0AA2A96CS573276,2007,Scion,tC,Valley Forge,PA
JN8AE2KP5D9423769,1991,Volkswagen,Jetta,Conroe,TX
WA1LGBFE3DD906305,2002,Ford,Explorer Sport,Los Angeles,CA
1G4PT5SV2D4231827,2008,Saab,9-5,Charlotte,NC
WBAVC93558K379101,1998,Infiniti,QX,Houston,TX
KMHHT6KD7EU389678,2012,Audi,A3,Allentown,PA
1N4AL2AP7BC342202,2004,Spyker,C8 Spyder Wide Body,Alexandria,VA
WBAYP9C57DD038167,2007,Volkswagen,Eos,West Palm Beach,FL
WBA3A9G59DN820227,2010,Audi,S6,Springfield,MO
WAUSH78E08A915847,1997,Suzuki,Swift,Seattle,WA
JTJYWRBZXF2027718,2008,Dodge,Grand Caravan,Mc Keesport,PA
WAUGFAFC2FN755826,1994,Ford,Econoline E350,Reno,NV
WBAHN83547D083779,2010,GMC,Acadia,Rochester,NY
1G6DA5EG4A0314983,2003,Buick,Regal,Chicago,IL
1GYS4AEF8CR505505,2009,Chrysler,300,Charleston,WV
2C3CCAKG5DH657533,2007,Nissan,Quest,Philadelphia,PA
WDCGG0EB2EG437141,2010,Lamborghini,Murciélago,Carlsbad,CA
JTEBU5JR9A5361668,1966,Oldsmobile,Toronado,Anaheim,CA
5TDDK3DC4FS330361,2008,Toyota,Camry Hybrid,Corpus Christi,TX
WBANU5C56AB459907,1996,Oldsmobile,88,Des Moines,IA
WBA1F7C56FV281720,1998,Oldsmobile,LSS,Buffalo,NY
WP0AB2A81FK666411,1996,Dodge,Grand Caravan,Amarillo,TX
WAUGU54D21N322833,2005,Nissan,Quest,Tulsa,OK
3N1AB6AP3AL260798,1995,Chevrolet,Monte Carlo,Los Angeles,CA
3C63DPGL9CG539301,1997,Suzuki,Sidekick,Atlanta,GA
JN8AF5MVXFT092929,1995,Volvo,960,Richmond,VA
JN8CS1MW8EM896113,1996,Dodge,Ram 2500 Club,Wichita,KS
WAUEF98EX7A627783,2005,Acura,TL,Tulsa,OK
WBA3B5C54FF671458,2008,Lexus,RX Hybrid,Washington,DC
1FA6P0G77E5408665,1998,Suzuki,X-90,Saint Petersburg,FL
1G6AG1RX7F0263345,1987,Ford,Laser,Harrisburg,PA
1G4GC5ER0CF435849,2005,BMW,5 Series,Grand Rapids,MI
WBXPC93457W301544,1992,BMW,7 Series,Dayton,OH
4JGDF2EE1EA514050,2004,Chevrolet,Silverado 1500,Salt Lake City,UT
1C4SDHCT7FC870465,1998,Chevrolet,G-Series 2500,Fort Wayne,IN
1FTDS3EL7AD004649,1994,Nissan,300ZX,Topeka,KS
1N6AA0EK0FN666800,1985,Pontiac,Sunbird,Charleston,SC
YV4902DZ5C2717267,1993,Chevrolet,Sportvan G20,Bloomington,IN
4T1BB3EK3BU179611,2004,Chevrolet,Express 2500,Lexington,KY
WBADX1C53CE694391,2008,GMC,Canyon,Flint,MI
SALFR2BN7AH714210,2004,Porsche,911,Tucson,AZ
WAUPL68E25A165698,2005,Toyota,Camry,Albany,NY
5TDBCRFH0FS722933,2002,Volvo,C70,Atlanta,GA
2B3CJ7DJ0BH278824,2005,Pontiac,Grand Am,Denver,CO
KMHTC6AD0EU331651,2008,Ford,Taurus X,Portsmouth,VA
SAJWA0FB8BL077427,2008,Chevrolet,Impala,Oklahoma City,OK
WDDLJ7DB3DA559398,2003,Honda,Insight,Worcester,MA
1C3CDFAA8ED007617,1996,Mazda,MPV,Savannah,GA
5GADS13S272421555,1993,Alfa Romeo,164,Miami,FL
5J8TB2H20AA922936,2006,Ford,Thunderbird,Minneapolis,MN
2B3CM5CT4BH671384,2012,Nissan,NV2500,Fayetteville,NC
2D4RN1AG8BR478463,1988,Ford,Bronco,Cincinnati,OH
1D7RE5GK1AS445355,2003,Chevrolet,TrailBlazer,Cambridge,MA
JTEBU5JR6B5786198,2005,Jaguar,S-Type,Houston,TX
3G5DA03E33S814721,1994,Pontiac,Firebird,Indianapolis,IN
WBAEJ13402A755568,2010,GMC,Savana 1500,Detroit,MI
1G6DH8E35E0935990,1995,Toyota,Avalon,Philadelphia,PA
WAUDF68E05A517378,2001,Saturn,S-Series,Iowa City,IA
1FADP3E22EL585121,2010,Mitsubishi,Eclipse,Charleston,WV
5UXFB33503L098607,1998,Chrysler,Town & Country,Brockton,MA
1FTWW3CY1AE181946,1984,Honda,CR-X,Reno,NV
3C6JD6DK3CG904195,2011,Honda,Ridgeline,Memphis,TN
5UXKS4C52F0787266,1995,Land Rover,Defender 90,Baton Rouge,LA
1FTEW1C8XAK665678,2012,Volvo,S80,Omaha,NE
1GT01ZCG7EF641211,1989,Ford,Bronco II,Clearwater,FL
WAUHFBFL8BN107895,2004,Ford,F150,Greensboro,NC
WA1DGBFE7ED411062,2011,Aston Martin,V12 Vantage,Biloxi,MS
WAUDFAFL9BA010060,1992,Nissan,Pathfinder,Seminole,FL
3D73M3CL4AG838902,1994,Subaru,Legacy,Portland,OR
SCBCU7ZA3BC358669,1993,Dodge,Ram Wagon B150,Midland,MI
1C6RD7NT1CS070856,2001,Lexus,RX,Rochester,NY
1G6AY5S37E0841163,1992,Hyundai,Elantra,El Paso,TX
3D73M3CL5BG912541,2009,Nissan,Rogue,Duluth,GA
1HGCP2E35AA113575,2006,BMW,3 Series,Paterson,NJ
1N6AA0CCXEN177153,1993,Dodge,Dakota,Vancouver,WA
WVWAN7AN3EE028569,2002,Chevrolet,Express 2500,Jacksonville,FL
JM1CW2BL9D0460861,2004,Lamborghini,Gallardo,Los Angeles,CA
WP1AA2A2XBL248699,2010,Aston Martin,Vantage,Knoxville,TN
WAUDH48H08K492148,1992,Honda,Civic,Pensacola,FL
SCBDP3ZA9AC581608,2001,Chevrolet,Express 1500,Memphis,TN
4T1BF3EK4AU550097,2004,Acura,TSX,Grand Rapids,MI
3VWF17AT3FM014566,2011,Ford,Explorer,Glendale,CA
YV4902DZ3C2513163,2005,Nissan,Armada,Las Vegas,NV
2T1BU4EE7CC471906,2010,Lamborghini,Gallardo,Bridgeport,CT
WAUCFAFR8FA686148,2000,Pontiac,Sunfire,Erie,PA
KMHDB8AE6BU637230,1996,Suzuki,Esteem,Washington,DC
WBAVT13506A516398,2001,BMW,M,Fairfield,CT
WAUGL98E87A073497,2010,Ford,Focus,Chicago,IL
WBAUN13509V533964,2008,Lincoln,MKX,Syracuse,NY
KL4CJCSB0FB945659,2012,Mercedes-Benz,Sprinter 2500,Atlanta,GA
SCBDU3ZA4CC623405,2010,Toyota,RAV4,Tacoma,WA
5GAKVCKD6DJ059213,1990,Saab,9000,San Antonio,TX
WA1WMAFE8ED029859,1993,Mazda,626,East Saint Louis,IL
1N4AL2AP8CN565337,1995,Ford,Aspire,Knoxville,TN
1J4PR4GK6AC479098,2009,Toyota,Camry,Houston,TX
1C3CDZCB1DN502838,2000,Buick,LeSabre,Winston Salem,NC
3N1AB7AP8FY292694,2009,Dodge,Ram 2500,Sacramento,CA
WA1CFAFP3CA122124,2001,Mercury,Mountaineer,San Antonio,TX
WBADS43401G708403,1988,Ford,Ranger,Riverside,CA
WBABN53472J423299,1996,Mazda,MX-6,Sacramento,CA
WAUEFBFLXDN532976,1966,Chevrolet,Corvette,Fort Worth,TX
5GADT13S272872482,2012,Toyota,Camry Hybrid,San Francisco,CA
2HKRM3H32FH104724,1991,Mazda,Navajo,Lexington,KY
SCBDC3ZA1DC680665,1999,Saab,9000,Salt Lake City,UT
1FTEW1CF1FF232524,2012,Land Rover,Range Rover Evoque,Bellevue,WA
KMHTC6AD9FU761891,1997,Isuzu,Hombre Space,Pittsburgh,PA
1C4PJLAB0EW467680,1997,Isuzu,Hombre,Dallas,TX
WDDEJ7KBXDA248126,1992,Mazda,MPV,Columbus,OH
JN8AZ1MU9EW632324,1998,Ford,Taurus,Atlanta,GA
JN8AF5MV9FT892895,2001,Honda,Prelude,New York City,NY
1C3CCBCBXCN387889,2001,GMC,Sierra 1500,Charleston,SC
WAUEH74F56N306268,1997,Nissan,200SX,Bradenton,FL
WAUML54B23N304971,1995,Mazda,626,Boston,MA
3GTXKYEJ8AG146832,1985,Mercury,Cougar,Evansville,IN
3C3CFFBRXDT366068,1997,Infiniti,Q,Scottsdale,AZ
WAUML44D22N045084,2008,Volkswagen,GLI,Little Rock,AR
WBSPM9C51BE248478,2010,Jeep,Grand Cherokee,Sioux Falls,SD
WP0AA2A93ES946759,2000,Toyota,Camry,Charlottesville,VA
1N4AA5AP6EC586015,1998,Suzuki,Sidekick,Monticello,MN
1C3CDWDA2CD883009,1996,Pontiac,Sunfire,Flushing,NY
1G6KD57Y08U161297,2006,Chevrolet,Avalanche,Punta Gorda,FL
5NPDH4AEXBH020791,1993,Mitsubishi,Eclipse,Pasadena,TX
WBA3N5C55EK495288,2004,Mercedes-Benz,S-Class,Milwaukee,WI
WAUJC58E75A820308,1999,Oldsmobile,Cutlass,Tucson,AZ
1D4RD5GG1BC344436,1988,Audi,5000CS,Aurora,CO
1G4GA5GR7FF693003,2009,Audi,A3,Rochester,MN
WAUEH78E68A544187,1991,Ford,Festiva,Colorado Springs,CO
SCFAD02A45G408886,1993,BMW,3 Series,Lexington,KY
WP0AA2A92BS789513,2008,Ford,GT500,Oklahoma City,OK
JH4NA12622T630631,1997,Lexus,LX,New York City,NY
1FADP5CU0FL879179,2000,Ford,Explorer Sport,Virginia Beach,VA
WAULT58E15A303627,2004,Dodge,Stratus,Jacksonville,FL
5XXGM4A79FG771649,2008,Ford,Fusion,Henderson,NV
WAUPFAFM7AA934114,1996,Nissan,Pathfinder,Lansing,MI
WDDGF4HB5CF756070,1992,Ford,Tempo,Jacksonville,FL
1C4SDJET0CC613647,2005,Suzuki,Aerio,Winston Salem,NC
3GYFNEE32FS133334,2010,Hyundai,Sonata,Minneapolis,MN
SCFAB01A98G934703,2001,Pontiac,Montana,Houston,TX
WBA3X5C53ED020219,1993,Chrysler,Fifth Ave,Akron,OH
SCBCR73W67C278702,2011,Audi,A3,Omaha,NE
WAUDGAFL5DA536864,2012,Mercedes-Benz,M-Class,Charleston,SC
2G61L5S30E9772434,1992,Mitsubishi,Eclipse,Glendale,AZ
5N1AR2MM2DC906797,2005,Saturn,L-Series,Flint,MI
WAUMFAFR2FA370362,2007,Chevrolet,Cobalt SS,Sacramento,CA
WAUKF78E98A907171,2008,Subaru,Forester,Las Vegas,NV
3D73Y3HL4BG193375,1996,Infiniti,Q,Charleston,SC
1G6AR5SX2E0182456,2008,Ford,F-Series,Hayward,CA
JHMGE8G21AS666116,1999,Toyota,RAV4,Hicksville,NY
JHMZF1D69ES883360,2003,Hyundai,XG350,Berkeley,CA
SAJWA4EC4FM513708,1998,Oldsmobile,Bravada,Wichita Falls,TX
1FMNE1BWXAD994528,2013,Nissan,Altima,Austin,TX
2FMHK6DT6AB176175,1995,Mercury,Tracer,Fort Wayne,IN
WBAKE5C53BE772445,1996,GMC,Rally Wagon G3500,Reno,NV
JN1AZ4EH4FM682062,1959,BMW,600,Bridgeport,CT
WAUHFAFL4AN334137,1993,Mazda,MX-3,Lexington,KY
WAUBT48H25K322830,1999,Chrysler,Cirrus,Troy,MI
3FAHP0CG6BR012220,2012,Porsche,Cayenne,Buffalo,NY
19VDE1F55EE136370,2011,Porsche,Cayman,Saint Louis,MO
5FRYD3H8XEB264790,2008,Suzuki,SX4,Washington,DC
3C6JD6EP9CG023463,1995,Mazda,B-Series Plus,Winston Salem,NC
5N1AN0NW2FN240421,2008,BMW,M5,New Orleans,LA
JTEBU4BF6BK166743,1984,Maserati,Quattroporte,Lincoln,NE
5FRYD3H97GB080693,2000,Chevrolet,Prizm,New York City,NY
1GD12XEG6FF074294,2007,Kia,Optima,Saginaw,MI
W04GR5EC7B1055198,1998,Chevrolet,1500,Littleton,CO
2T3BF4DV5AW576152,2002,Chevrolet,Silverado,Brooklyn,NY
1G4GA5ER7CF808102,2000,Mercury,Villager,Albuquerque,NM
WAUSF78K99N633633,1991,Pontiac,Grand Prix,New Orleans,LA
JH4DC53035S847431,2010,Buick,Enclave,Oakland,CA
JTHBE5C27D5654151,2000,Dodge,Ram 2500,Dayton,OH
JTJBC1BAXC2283489,2008,Infiniti,G35,Falls Church,VA
JTHDL5EFXF5149710,1998,BMW,Z3,Wilmington,DE
1FAHP3CN2AW666577,2011,Toyota,Venza,Birmingham,AL
2G61L5S32F9254407,2005,Volkswagen,GTI,Buffalo,NY
SCFFDABEXBG901255,2004,Dodge,Ram 2500,Fargo,ND
19UUA56711A860759,1994,Ford,F250,Aurora,CO
4A31K5DFXCE894989,1997,Mitsubishi,Galant,Jacksonville,FL
3C6JD7DP6CG790548,2011,Ram,2500,Tulsa,OK
WP0AB2A95AS320959,1985,Buick,Electra,Long Beach,CA
JTJBM7FX4D5190188,2000,Mercedes-Benz,E-Class,Athens,GA
19UUA56653A461878,1993,Acura,Legend,Jeffersonville,IN
JN8AZ1MU7EW279906,1997,Jeep,Wrangler,Indianapolis,IN
WA1MYBFE8AD679433,2001,BMW,M5,San Diego,CA
JTHBE1BL6F1603169,2007,Mazda,RX-8,Iowa City,IA
KL4CJASB2EB848644,1999,Ford,F250,Gaithersburg,MD
1GKS1EEF2CR617761,1999,Dodge,Intrepid,Scranton,PA
1HGCR2E75FA811785,1966,Pontiac,GTO,Whittier,CA
2B3CK3CV0AH841525,2001,Dodge,Dakota Club,New York City,NY
WA1CMAFE3ED914876,2008,Cadillac,Escalade EXT,Houston,TX
WAULT58E03A897883,1993,Dodge,Dakota,Washington,DC
JHMZE2H51DS340920,2011,Chrysler,300,Largo,FL
KMHDB8AEXAU783998,1990,Ford,LTD Crown Victoria,Charlotte,NC
WAUVC58E72A868033,1992,Ford,Club Wagon,Cleveland,OH
JN1CV6AP2AM260734,2003,Audi,S6,Minneapolis,MN
WVGAV7AX1BW928907,1998,Saturn,S-Series,Tucson,AZ
1G6DP577760034364,1992,GMC,Rally Wagon 1500,Sacramento,CA
5GADV33L76D100223,2002,BMW,525,Birmingham,AL
WAUHE98P19A117925,2002,Toyota,MR2,Evansville,IN
KMHHT6KD8AU384211,2003,Mercury,Marauder,Anderson,SC
ZFBCFADHXEZ654513,2011,Acura,TL,New Haven,CT
3N1AB7AP0FL113013,2005,Kia,Sedona,Charleston,WV
3D73M3CL9AG075355,1996,Chevrolet,Caprice,Asheville,NC
2G4GV5GVXC9055799,1990,Buick,Estate,Roanoke,VA
YV1622FSXC2985452,1995,Alfa Romeo,164,Valdosta,GA
WAUWFBFL0AA745720,1987,Pontiac,Gemini,El Paso,TX
JN8AZ2NC9F9550167,2001,BMW,7 Series,Las Vegas,NV
5N1AZ2MH4FN312559,1996,Chrysler,Concorde,Lexington,KY
3A4GY5F98AT652731,2000,Nissan,Frontier,Miami,FL
3D7JV1EP7BG626134,1990,Honda,Civic,Boise,ID
3GTU1YEJ5DG950502,1998,Mitsubishi,Eclipse,Charlotte,NC
WAUJF78KX9N404423,2011,MINI,Cooper Clubman,Reno,NV
WAUHFAFL8FN252788,2009,BMW,Z4 M Roadster,Denver,CO
5FRYD3H97GB744653,2009,GMC,Savana,Charlotte,NC
1GYS3JEFXCR026747,2002,Kia,Spectra,Tacoma,WA
1N6AA0CJ1EN686966,1991,Mazda,929,Minneapolis,MN
1GD21XEG4FZ745144,2000,Ford,Excursion,Elizabeth,NJ
3C3CFFJH8ET630432,1972,Pontiac,GTO,Charleston,SC
WAUBF78E78A843146,1997,Dodge,Viper,Minneapolis,MN
1N4AL2APXCN418534,1984,Lincoln,Town Car,Santa Monica,CA
1G6AB5RX6F0419283,2012,Volkswagen,Passat,Chicago,IL
SCBLC37F75C976754,2011,Honda,CR-Z,Garland,TX
5NPDH4AE2EH426651,2007,Lexus,GX,Irvine,CA
5NPEB4AC6BH912556,1989,Buick,LeSabre,Shawnee Mission,KS
5LMJJ3H54BE288588,2005,Ford,F350,Cleveland,OH
1D4RD4GG1BC181748,2000,Subaru,Legacy,Columbus,OH
1GYS3JEF6ER138447,2000,Ford,Explorer,Erie,PA
JA32U2FU7DU308718,2004,Honda,CR-V,Bronx,NY
WBAWC73588E698001,2010,BMW,X6 M,Miami,FL
3GYFNJE35DS846766,2002,Mitsubishi,Galant,Nashville,TN
3D7JB1ET0BG301539,2009,Honda,Accord,Augusta,GA
WAUGF98K19A628421,2007,Lincoln,Mark LT,Colorado Springs,CO
WAUBNAFB6AN635606,1998,Acura,NSX,Los Angeles,CA
WP0AB2A88FK150806,2009,Hummer,H2,Scottsdale,AZ
1D7RE5GK1AS711201,1997,Geo,Metro,Boise,ID
1G6DW677050093716,1992,Chevrolet,Corvette,Denver,CO
1GTN2TEH9FZ507158,2008,GMC,Yukon,Las Vegas,NV
1FTEW1E80AK259101,2007,GMC,Sierra 2500,El Paso,TX
JN1BY1APXFM986810,2010,Audi,Q7,Jackson,TN
WP1AB2A22FL949370,2001,Toyota,Tacoma,Tacoma,WA
WBANW53548C138804,1998,Honda,Accord,Fort Worth,TX
WBAKG1C58CJ391489,2010,Cadillac,STS,Denver,CO
WBAVB73597K610958,1993,Subaru,Loyale,Reading,PA
1G6AB5R35D0497189,1960,Fairthorpe,Rockette,Minneapolis,MN
WAUHF78P86A839163,1995,Isuzu,Trooper,Reading,PA
1G6DK8EY9B0731783,2004,Volkswagen,Jetta,Philadelphia,PA
WAUSF98E28A903992,1991,Pontiac,Sunbird,Carol Stream,IL
WBSBL93492J812650,1999,Dodge,Ram 3500,San Francisco,CA
YV440MBC1F1405297,1998,Mitsubishi,Montero Sport,Brooklyn,NY
WBA5B3C5XFD861578,1997,Buick,Riviera,Shawnee Mission,KS
3VWML7AJ5CM397258,2001,Ford,ZX2,Lynchburg,VA
TRUDD38J981391147,1998,Kia,Sephia,Salt Lake City,UT
JTJHY7AX6B4962117,2004,Nissan,Pathfinder,Watertown,MA
1GYS3KEF1BR675681,1994,Mercedes-Benz,S-Class,Roanoke,VA
4A31K2DF8CE829220,1997,Chevrolet,Corvette,Anaheim,CA
WAUEL74F65N985898,2008,Lexus,IS,Jamaica,NY
5J8TB18297A143473,2003,Honda,S2000,Atlanta,GA
WAURFAFR3CA108593,2006,Subaru,Outback,Atlanta,GA
1G6DK8E34D0609498,2004,Lincoln,LS,Washington,DC
WA1YD64B33N451298,2000,Honda,Civic,Springfield,MA
1C3CCBAB1DN030640,2000,Chevrolet,Venture,Washington,DC
SAJWA2GT6EM116226,2010,Volvo,S80,Las Vegas,NV
WA1YL54B14N942340,2007,Ford,Five Hundred,Charlotte,NC
5GAKVCKD0DJ846075,1985,Honda,Civic,Naples,FL
WVWED7AJ9DW736433,1966,Ford,Galaxie,Raleigh,NC
SALAB2D49BA942349,2006,Ford,Crown Victoria,Saint Louis,MO
4T1BF1FK7DU771202,2000,Ford,F350,Katy,TX
3N1BC1AP4AL563142,2011,Mercury,Milan,Harrisburg,PA
5GADV23W47D508703,2009,Bentley,Continental GTC,Omaha,NE
5N1AA0NC9EN678532,2008,Volvo,V50,Brooklyn,NY
WP0AB2A81FK428672,1994,Pontiac,Trans Sport,Meridian,MS
3C63D2JL5CG064841,1989,Chevrolet,Corvette,Abilene,TX
1FTEW1C81FK593101,2002,Chevrolet,TrailBlazer,Oklahoma City,OK
1G6DA8E59C0008154,2008,Jeep,Wrangler,Waterbury,CT
WBAGL63462D725828,1996,Honda,Prelude,Jamaica,NY
KNAFU6A28A5783927,1994,Nissan,Altima,Portland,OR
WBAPH77529N018840,1994,Volkswagen,Jetta,Pittsburgh,PA
KL4CJCSB7FB383243,2009,Honda,Pilot,Bakersfield,CA
WBAVA37547N017688,2006,Infiniti,M,Washington,DC
3D73Y4EL0BG652654,2005,GMC,Envoy XL,Jackson,MS
3C63DRML6CG073276,1991,Lexus,LS,Kansas City,MO
5TDBY5G13BS258817,2004,Volkswagen,Jetta,Atlanta,GA
1GD21ZCG4CZ501195,1993,Mercedes-Benz,400E,Buffalo,NY
WAUBF78K79N611033,1989,Mercedes-Benz,SL-Class,Tampa,FL
1G6KD54Y43U739799,2007,Lexus,RX Hybrid,Gaithersburg,MD
WBADX1C50DJ739277,1969,Chevrolet,Corvette,Washington,DC
JN8AZ2NCXB9412860,2005,Mitsubishi,Diamante,Indianapolis,IN
KNDKG3A23A7938797,2006,Lexus,RX Hybrid,Baltimore,MD
19XFB4F21FE207713,2002,Toyota,MR2,Phoenix,AZ
5N1AA0NC7DN332252,2009,Hummer,H2,Philadelphia,PA
1G6DH577490870263,2009,Kia,Amanti,Naples,FL
WBAAZ33403P976945,1994,Volkswagen,Eurovan,Bethesda,MD
1G6DS5EV2A0271580,1994,Hummer,H1,Houston,TX
JTDZN3EU0FJ621814,1998,Chrysler,Sebring,Whittier,CA
5XYKT3A14BG237306,1988,Pontiac,6000,Akron,OH
1FTSW3B53AE289152,2005,Toyota,Tundra,Alexandria,VA
4T1BF3EK7AU730772,2003,Nissan,Murano,Albuquerque,NM
WBAEN33412E612122,1991,Lamborghini,Diablo,Inglewood,CA
WAUEL74F75N149002,2001,GMC,Sonoma,Tucson,AZ
1N4AA5AP7AC906436,1998,Volvo,V90,Durham,NC
WAUJT58E93A191549,1992,Chrysler,LeBaron,Scottsdale,AZ
3D4PG4FB7BT581936,2008,Toyota,RAV4,Orlando,FL
1G6KD57Y25U813817,2011,Lexus,ES,Vancouver,WA
1GYUKCEF5AR330301,1998,Oldsmobile,Silhouette,Ocala,FL
3D7JV1EP8AG038807,2007,Volvo,XC90,Baton Rouge,LA
3FADP4AJ9FM384965,1993,Mercury,Capri,Washington,DC
4A31K2DF0AE549644,2012,MINI,Cooper Countryman,Philadelphia,PA
1GD311CG0FF097453,2009,Nissan,Frontier,Buffalo,NY
JA4AP3AU2CZ972373,2003,Lexus,GX,Montgomery,AL
1C3CDFEB1ED581947,2011,Lotus,Exige,Oklahoma City,OK
WBA3X9C55ED925780,1967,Mercury,Cougar,Miami,FL
WAUDFAFL3CN700316,1994,Ford,Ranger,Santa Fe,NM
SCBLF34F86C419798,2010,Lincoln,Navigator,Pittsburgh,PA
JTEBU4BF2EK469331,2005,Infiniti,Q,San Bernardino,CA
WVGAV3AX3DW306093,2009,GMC,Savana 1500,El Paso,TX
1G6AE5SX8E0034839,1986,Buick,Electra,Los Angeles,CA
WBAKF9C55BE250646,2003,Mercedes-Benz,E-Class,Santa Fe,NM
2T2BC1BA1FC732255,2011,Subaru,Tribeca,Washington,DC
WAUBH78E16A513848,2012,Chevrolet,Silverado 3500,Albuquerque,NM
JTDZN3EU4E3087221,1998,Toyota,Camry,Seattle,WA
WBAUN7C51DV153219,2004,Nissan,Sentra,Reading,PA
3D73M3CLXBG974002,1988,Audi,5000S,Miami,FL
YV1382MS5A2830812,2011,Mercedes-Benz,SLS-Class,Amarillo,TX
1GYS3UKJ9FR745194,2007,GMC,Savana 1500,Hartford,CT
3C3CFFDR2DT139082,2007,Jaguar,X-Type,Columbia,SC
TRUDD38J591764041,1995,Pontiac,Grand Prix,Colorado Springs,CO
1N4AL3AP2DC782921,1991,Ford,LTD Crown Victoria,Huntington,WV
5XYZT3LB9EG969424,2005,Chevrolet,SSR,Portland,OR
WAUSH78E26A229239,2003,BMW,745,Madison,WI
2G4WC552871369286,2001,Chevrolet,Tahoe,Grand Rapids,MI
WBAYF4C51DD441728,1996,Volkswagen,rio,Carson City,NV
5TDDK3DCXBS337115,2003,Mercury,Sable,Mesquite,TX
SCFEBBCF5BG346357,2011,BMW,X5,Washington,DC
WAULC68EX4A593029,1992,Mercedes-Benz,SL-Class,Dayton,OH
5XXGM4A77CG024174,1999,Isuzu,Amigo,Saint Paul,MN
1N6AD0CWXFN558584,2012,Lexus,IS,Los Angeles,CA
KM8JT3AC3AU494172,1995,GMC,Suburban 2500,Dallas,TX
KMHEC4A44FA394431,2002,Mazda,MPV,Arlington,VA
WDDGF4HBXDG463647,1987,Audi,5000S,Dallas,TX
JM1NC2JF0E0219172,2005,Acura,TL,Galveston,TX
1G6DP577370391526,2009,Chevrolet,Cobalt SS,Utica,NY
5TDDW5G18FS699153,1996,Toyota,RAV4,Lancaster,PA
1G6DV57V190783475,2004,Ford,Ranger,Chattanooga,TN
WAUKGBFB5AN570747,2008,BMW,M Roadster,Buffalo,NY
JH4KB16677C500510,1999,Acura,SLX,Charlotte,NC
WAUDG98E86A221945,1995,Oldsmobile,Aurora,Washington,DC
1C4SDJCT8EC568298,2002,Chevrolet,Impala,Santa Fe,NM
WAUGL98E47A146820,2006,Scion,tC,Huntington Beach,CA
1G6D25EY3B0495047,2000,Jaguar,S-Type,Houston,TX
JM1NC2EF8A0721447,2006,Nissan,Altima,Chicago,IL
WAUDN74F68N028343,1994,Nissan,Pathfinder,Missoula,MT
1N6AF0LY7EN754492,1968,Dodge,Charger,Fullerton,CA
4JGDF2EE0FA384506,2000,Mercedes-Benz,S-Class,Tucson,AZ
JM1NC2EF1A0171959,2011,Ford,Expedition EL,Sacramento,CA
JN8AF5MR2FT749645,1989,Mitsubishi,Truck,Pueblo,CO
WBANF73586C158109,2002,Mazda,626,Austin,TX
KNDJT2A17B7879036,2001,Toyota,Camry,Philadelphia,PA
WVWDB7AJ8EW311756,1993,Dodge,Caravan,El Paso,TX
JTHBE1BLXFA465569,2004,Infiniti,QX,Jamaica,NY
1GD422CG2EF687577,2007,Ford,Ranger,Melbourne,FL
JTDBT4K38B4561539,2001,Ford,Escort,Peoria,IL
2LMDJ8JK8FB642339,2004,Chevrolet,Malibu,Tacoma,WA
1N4AL2APXBN474665,2002,Lotus,Esprit,Huntsville,AL
WAUET48H46K696872,2002,GMC,Safari,Chicago,IL
1N6AF0KY3FN411729,1986,Ford,Ranger,Kansas City,MO
WDDGF4HB2DR649767,2002,Ford,Explorer Sport,Trenton,NJ
SCFAD223X3K975921,2012,Cadillac,SRX,Pensacola,FL
KNDPB3A25D7888736,2002,Mitsubishi,Lancer,Oklahoma City,OK
WA1AM94L29D502025,2012,Porsche,Boxster,Albany,NY
WAUSF98EX6A339621,1996,Mazda,Protege,Chicago,IL
JN1AZ4EH1FM292567,2009,Mercedes-Benz,C-Class,Scottsdale,AZ
WBAKX6C50CC797655,2011,Ram,1500,Naples,FL
1G6AH5RX2E0106695,2000,Plymouth,Voyager,Richmond,VA
1G6KY54933U470997,2003,Suzuki,Aerio,Washington,DC
1FMJK2A53AE483551,1988,Ford,Tempo,Phoenix,AZ
WBAUP9C51BV958415,2009,Chrysler,300,Detroit,MI
YV1902AH2D1468927,1997,Mazda,Miata MX-5,Dallas,TX
3VWF17AT0FM615322,1997,Mitsubishi,Challenger,Pittsburgh,PA
1GKKRNED3CJ154888,2002,Ford,Escort,Fresno,CA
3GYFNBE30FS191697,1994,Ford,Tempo,San Antonio,TX
3N1AB6AP9CL731467,2008,Suzuki,XL7,Jamaica,NY
5NPDH4AE7CH676173,2012,Ford,Mustang,Grand Rapids,MI
19XFB2E5XCE383686,2011,Ford,E150,Rochester,NY
1G6YX36D875735836,1983,Pontiac,6000,Nashville,TN
1FTEW1E84AF984564,2000,Hummer,H1,Houston,TX
JH4KB166X7C655035,2006,BMW,750,Springfield,MO
WBA4C9C53FG166420,1999,Mitsubishi,GTO,Phoenix,AZ
2C3CA6CT1BH324807,2001,Nissan,Maxima,Spokane,WA
WAUKFBFL0EN955974,2013,Infiniti,JX,Phoenix,AZ
WVWAB7AJ0CW677632,2001,Nissan,Maxima,Lake Worth,FL
WA1CGBFE5BD205827,2003,Mazda,B-Series Plus,Akron,OH
YV4940BL9D1166498,2008,Nissan,Frontier,Aurora,CO
WA1DGAFE0BD692272,2006,Dodge,Dakota Club,Los Angeles,CA
1N6AF0KY3EN117844,2003,GMC,Safari,Johnstown,PA
1D7RE3GKXAS871713,2007,Ferrari,599 GTB Fiorano,Oklahoma City,OK
2T2BK1BA7CC017866,2011,Toyota,Camry,San Francisco,CA
3C6TD5KT9CG382994,2006,Chevrolet,Express 1500,Virginia Beach,VA
JN1CV6EK8EM591404,1970,Ford,Torino,Maple Plain,MN
WDDUG7JB2FA315736,1995,Dodge,Stratus,Tampa,FL
WBA3N3C5XEK865414,1997,Lexus,LX,Mobile,AL
5FRYD4H42EB899408,1994,Chrysler,New Yorker,Long Beach,CA
2C3CDXFGXFH535330,2009,Toyota,Tundra,Mobile,AL
SCFAB05D39G838832,2006,Saab,9-5,Springfield,IL
1C4RDHEG6FC901638,2011,Honda,CR-V,Wilmington,DE
SALAB2D46BA890548,1992,Chrysler,Imperial,Santa Fe,NM
SCFFDABE9AG191909,1992,Ford,Escort,Saint Augustine,FL
19UYA416X3A851488,1995,Subaru,Legacy,Peoria,IL
SAJWA1CB2CL077502,2002,Dodge,Ram 2500,Houston,TX
WA1YD54B65N093434,1995,Chevrolet,Corvette,Aurora,CO
YV1902MD7F1994661,2005,Pontiac,Monterey,San Francisco,CA
WBAAZ334X5K479692,2001,Ford,Econoline E250,Tempe,AZ
3GYFNJE31DS867775,1963,Studebaker,Avanti,Sacramento,CA
SAJWA2GZ5E8017166,1999,Audi,A8,Peoria,IL
WAUGF98K29A800018,2012,Volkswagen,Golf,Arlington,VA
1N6AD0CW7FN384506,2004,Jaguar,XK Series,Boise,ID
1FTMF1EW0AF678617,2012,Volkswagen,Touareg,Mc Keesport,PA
WBANA53535C348319,2010,Saturn,VUE,Lansing,MI
WAUDF98E95A022081,2012,Mitsubishi,Lancer,Kansas City,MO
WA1AV74L19D707322,2000,Chevrolet,3500,Kansas City,MO
1G6KD54Y35U188820,2008,Mercedes-Benz,CL-Class,Jefferson City,MO
SCFEBBBK4BG573375,1991,Audi,200,Fort Worth,TX
3N1CN7AP5DL535761,2008,Cadillac,XLR-V,Roanoke,VA
3GYFNAE34FS359917,2009,BMW,3 Series,San Antonio,TX
KMHFG4JGXDA403049,1998,Toyota,Corolla,New Orleans,LA
1G6AB5RX3D0699452,1989,Mercury,Topaz,Saint Petersburg,FL
JN8AZ1FY3CW689065,1994,Mazda,929,Anaheim,CA
3D7TP2CT3BG106019,1993,Oldsmobile,98,Long Beach,CA
WBSWL93568P767957,2010,Porsche,Boxster,Salt Lake City,UT
2FMDK4AC2AB292612,2005,Saturn,L-Series,Orlando,FL
JTHFF2C21D2586380,1995,Ford,Crown Victoria,New Brunswick,NJ
WA1CV74L99D763744,2006,Mercury,Mountaineer,Sacramento,CA
2G4WB55K441031625,2005,Pontiac,G6,Fort Worth,TX
KL4CJBSB3DB431151,2007,Volkswagen,Touareg,Charlotte,NC
WAUAH78E18A791972,2010,Audi,A8,Topeka,KS
1G6DC1E34C0151951,2009,Volvo,XC70,Columbus,OH
KMHDB8AE6CU755411,2010,Land Rover,Freelander,Santa Monica,CA
4JGDA0EBXFA005794,2006,Mercedes-Benz,SL65 AMG,Huntington,WV
1FTWW3B5XAE992202,1999,Daewoo,Leganza,Lawrenceville,GA
JN1BY1AP3DM933895,2001,Dodge,Ram Van 1500,Wilmington,NC
WAUKF78E38A397870,1997,Pontiac,Grand Prix,Houston,TX
1FTNS1EW2AD677965,2012,GMC,Savana 1500,Pensacola,FL
WP0AB2A88CU451401,2012,Bentley,Continental Flying Spur,Miami,FL
5UXZV4C57D0134225,2009,Mercedes-Benz,SLR McLaren,Fresno,CA
WAUSH98E26A472965,2004,Chevrolet,SSR,Colorado Springs,CO
5FNYF3H29BB562489,2012,Mercedes-Benz,E-Class,Philadelphia,PA
WBAVM5C50FV950754,1973,Pontiac,Grand Prix,Salt Lake City,UT
KL4CJDSB4FB804857,2007,Nissan,Xterra,Glendale,CA
5TDBW5G17BS837671,2002,Audi,A6,Phoenix,AZ
SAJWA4FB9CL031775,1999,Chevrolet,Silverado 2500,Yakima,WA
2B3CJ5DT5BH308325,1991,Lotus,Esprit,Pittsburgh,PA
2T1KE4EE7CC645714,2008,Volkswagen,Rabbit,San Antonio,TX
1N6BF0KX5FN524299,1992,Pontiac,Firefly,Austin,TX
2T1BURHE3FC745857,2007,BMW,X5,Albuquerque,NM
3VW517AT7FM020270,1995,Chrysler,Concorde,Greensboro,NC
1D7CW3GK8AS290505,2010,Ford,F-Series Super Duty,Albany,NY
2T1BURHE6EC427648,2005,Mercedes-Benz,C-Class,Lancaster,PA
JHMZE2H36DS671331,1999,Pontiac,Montana,Wilkes Barre,PA
WAUWFAFH9CN392539,2004,Toyota,Sienna,Port Saint Lucie,FL
3C6TD5KT3CG473985,2011,MINI,Cooper Countryman,Fort Wayne,IN
1G6DP5EV3A0250321,2008,Maserati,Quattroporte,San Francisco,CA
WBA3A9C55EF845644,1991,Buick,Century,Corpus Christi,TX
1GKS1HE07ER284764,1984,Mercury,Topaz,Fresno,CA
1G6AK5SXXE0024791,2001,Oldsmobile,Aurora,Gaithersburg,MD
3G5DA03L57S566895,1987,Mitsubishi,Starion,Winston Salem,NC
3C63DPHL2CG743453,1987,Mazda,626,Ashburn,VA
JN1AZ4EH1BM657906,1994,Audi,Quattro,Corona,CA
3D7TT2CT3BG155913,1995,Buick,Roadmaster,Boston,MA
3FADP0L38CR289917,1999,Chevrolet,Tahoe,Anaheim,CA
JTHBE1D26E5149405,2011,Audi,S5,Philadelphia,PA
1C3BC2EB1BN094373,2001,Hyundai,Sonata,Albany,NY
3FADP4AJ2FM357753,1992,Geo,Metro,Hialeah,FL
WUARL48H08K188389,2002,Chevrolet,S10,Fredericksburg,VA
SAJWA6E71E8255699,1998,Chevrolet,Monte Carlo,Redwood City,CA
WAUDF78E88A167377,2008,Kia,Rio5,Louisville,KY
5NMSG3AB4AH296275,1972,Pontiac,Grand Prix,Oklahoma City,OK
WAUMFAFL6AA535074,1993,Chrysler,Fifth Ave,Houston,TX
WDDEJ7EBXBA489550,2004,Pontiac,Bonneville,Spring,TX
JH4DC53832C030990,2001,Chevrolet,Camaro,Fort Worth,TX
1GKUCFDJ3AR112260,2007,BMW,M5,Vero Beach,FL
JH4CL96817C553169,2004,Subaru,Baja,Kansas City,MO
5GAKVDKD6DJ068905,2005,GMC,Sierra 1500,Kansas City,MO
5N1AT2ML6FC961961,2004,Dodge,Durango,San Angelo,TX
5N1AT2MK5FC291259,1997,Oldsmobile,Silhouette,Fort Smith,AR
3VW4A7AT4DM688309,1997,Ford,F150,Newark,NJ
5N1AA0NEXEN265374,2006,Cadillac,Escalade,Pensacola,FL
1J4NF1FB1AD587493,1991,Subaru,XT,Augusta,GA
WAUKF78P19A579618,1997,Cadillac,DeVille,Fort Worth,TX
3C63D3ML9CG435114,1987,Pontiac,Firefly,Kansas City,MO
2C3CCAFJ6DH582993,2001,BMW,Z3,Pinellas Park,FL
WAUCFAFC3EN627348,2002,GMC,Safari,Lancaster,PA
1G6AL5SX7E0001773,2000,Ford,Taurus,Augusta,GA
1FTWX3B53AE265559,2006,Subaru,Outback,Las Vegas,NV
3D7JV1EP3AG524683,1997,Mercury,Tracer,Indianapolis,IN
KMHFH4JG5FA091206,1997,Chrysler,Town & Country,Duluth,MN
WAUDGBFL7BA018984,1986,Porsche,911,Sioux Falls,SD
5XYZT3LB8FG499064,2005,Jeep,Liberty,Scottsdale,AZ
1GTN2TEH7FZ677700,2001,Dodge,Ram 1500 Club,Huntington,WV
5GADX23L56D002456,2012,Chevrolet,Malibu,Tacoma,WA
WBAUN13519V249890,2003,Mazda,Protege5,Des Moines,IA
3N1AB6AP5AL015503,2002,Chevrolet,Tracker,Phoenix,AZ
1NXBU4EE2AZ826492,1985,Honda,Civic,Charleston,WV
2C3CDZAT4FH858420,1989,Ford,Aerostar,Augusta,GA
1NXBE4EE7AZ558892,2012,Ram,2500,Columbia,MO
1N4AB7AP0DN020072,1988,Volkswagen,GTI,Amarillo,TX
WBAPK7C56BA425824,2002,Mercury,Cougar,Boulder,CO
1GYS3RKJ0FR619416,1998,Volvo,V70,Norfolk,VA
JTEBU5JR1D5023055,1995,Oldsmobile,Silhouette,Winston Salem,NC
WAUDFAFL4AN445978,1994,Ford,Econoline E350,Reading,PA
1G6KD57Y61U503096,2011,Aston Martin,DBS,Austin,TX
4JGBB9FB4BA444653,2005,Ford,F150,Atlanta,GA
WAUFFBFL8BA575107,1954,Chevrolet,Corvette,Cincinnati,OH
1G6DS5E38D0040234,1995,Mazda,Millenia,Seattle,WA
1HGCR2E74DA085463,2007,Audi,Q7,Amarillo,TX
WBAUL7C50AV479188,1993,Volkswagen,Fox,Boise,ID
5BZBF0AA5EN863871,2008,GMC,Yukon XL 1500,Fargo,ND
WDDGF4HB1EA619420,1996,Mercury,Mystique,Lafayette,IN
TRUVD38J391489001,2007,Cadillac,CTS,Suffolk,VA
2C3CCAKT2CH419568,1996,Subaru,SVX,Miami,FL
W04GU5GC0B1409820,1976,Toyota,Celica,San Diego,CA
5FNYF3H4XFB250480,1998,Mazda,MPV,Phoenix,AZ
1GYS4HEF7CR625045,2001,Mazda,Miata MX-5,Anniston,AL
JM1DE1KY8C0802828,1996,Ford,Probe,Richmond,VA
JH4NA21691T521900,1992,Oldsmobile,Toronado,San Antonio,TX
JN1CY0AP9AM411007,1994,Cadillac,Seville,Rockford,IL
WAUBF98E57A972366,2000,Audi,TT,Baltimore,MD
WBAWL13559P253332,1965,Volkswagen,Beetle,Nashville,TN
1GKS1GEJXBR620566,1997,Mercury,Tracer,Memphis,TN
4USCK73432L525998,2008,Ford,F150,Philadelphia,PA
1G6KD57Y98U981684,1993,Buick,LeSabre,Van Nuys,CA
1G6DK5EY3B0486316,2002,Toyota,Corolla,Houston,TX
JH4CU2F84EC561994,2004,GMC,Sierra 3500,Saint Augustine,FL
1D7RE3BK2BS493024,1981,Dodge,Aries,Newton,MA
WBA6B4C53FD310354,2001,Nissan,Quest,Houston,TX
1G6KF57961U921760,1992,Chevrolet,Suburban 1500,Augusta,GA
KNDJN2A26E7627723,1994,Buick,LeSabre,Long Beach,CA
WAUPL58E14A027398,1993,Dodge,D150 Club,Birmingham,AL
WA1BY74LX7D459872,1987,Mazda,929,Milwaukee,WI
5J6TF2H54FL476325,1994,Mazda,Protege,Columbus,OH
WAULC58E15A272251,1998,Ford,Contour,Milwaukee,WI
WVGEP9BP1FD425711,2012,Audi,A6,New York City,NY
WBAHN83558D478345,1995,Chevrolet,Suburban 1500,Honolulu,HI
WAUDV74F27N259450,2010,Chevrolet,Corvette,North Port,FL
WAUSH78E77A780994,1985,Lotus,Esprit,Chicago,IL
JN1CV6EK7BM724617,1993,Ford,Thunderbird,Omaha,NE
1FTMF1CW4AF890424,1965,Pontiac,Bonneville,Mount Vernon,NY
1C4SDJCTXCC178638,2012,Ford,F450,Philadelphia,PA
1GYS3AEFXCR619931,2002,BMW,745,Detroit,MI
WBA4B1C57FD835021,2000,Chevrolet,3500,Denver,CO
SCBLF44J59C550301,2005,Ford,Expedition,Gary,IN
3C63D3ML9CG982416,2007,Ford,Freestar,Biloxi,MS
1C3CDFBA7DD617439,2009,Subaru,Forester,Syracuse,NY
WBAVB17566N060574,2005,Acura,MDX,Midland,MI
2G61N5S31F9902314,1997,Toyota,Paseo,Anchorage,AK
WAUDH78EX7A721611,2007,BMW,530,Columbus,GA
WBAFZ9C52DD504783,1995,Lincoln,Mark VIII,Cleveland,OH
WAUAF78EX5A970156,2010,Kia,Soul,Pensacola,FL
WAUJC58E63A333565,1999,GMC,Sonoma,San Mateo,CA
JTHBE1BL1F1034411,1992,Volkswagen,Golf,Amarillo,TX
WAUSH78E98A496963,2006,Toyota,Avalon,Washington,DC
WBALL5C56EJ384163,1975,Chevrolet,Camaro,Charleston,WV
WAUAGAFD8EN728074,2005,Maybach,57,Louisville,KY
JN1AZ4EH7DM239501,2002,Volkswagen,Golf,Palo Alto,CA
WA1C8AFP3EA883524,2002,Mitsubishi,Lancer Evolution,Visalia,CA
2G4WB52K331195631,1989,Ford,Probe,Spokane,WA
WAUEFAFL1BN646999,1997,Toyota,Corolla,Dayton,OH
3C3CFFAR8ET089570,2003,Dodge,Grand Caravan,Sunnyvale,CA
1FMCU0F79DU759159,1998,Lexus,SC,Atlanta,GA
JH4CU2F60BC943353,1996,Dodge,Dakota Club,Washington,DC
1N6AA0CA3BN382176,2006,GMC,Canyon,Pittsburgh,PA
SCBLC47J48C848681,2011,Bentley,Continental,Las Vegas,NV
WBSBL93492J973368,1997,Mitsubishi,3000GT,Richmond,VA
1FTEX1CM9BK019706,2001,Mitsubishi,Montero,Dallas,TX
5LMJJ2H55BE916667,1995,Mazda,323,Erie,PA
JHMZF1C61ES053618,1993,Nissan,Pathfinder,Cincinnati,OH
WAUCVAFR7AA293608,2010,Toyota,Matrix,Kansas City,KS
WDDEJ7EB4DA592921,2007,Volvo,V50,Jamaica,NY
5N1AZ2MHXFN827999,2008,Maserati,GranTurismo,Dallas,TX
19XFA1F36BE842012,2011,Lincoln,MKZ,Columbia,SC
1G4GA5GR6FF333639,2006,GMC,Yukon XL,Torrance,CA
JN8AE2KP8B9556541,2005,Volvo,XC70,Louisville,KY
YV1672MK1B2877840,1991,Lamborghini,Diablo,Springfield,MO
WAUMK78K19A245355,1999,Toyota,Avalon,Hartford,CT
5UMCL93442L938667,1997,Chevrolet,2500,Saint Cloud,MN
WBASP4C50BC422903,1996,Ford,Explorer,Birmingham,AL
1VWAS7A37FC194076,1991,Pontiac,Firebird,Houston,TX
SCBFU7ZA5DC662540,2010,Aston Martin,Vantage,Decatur,GA
1FBNE3BL6ED542852,2011,Chevrolet,Express,Gilbert,AZ
1GD02ZCG3DZ232273,2009,Ford,F-Series Super Duty,Carson City,NV
1N4AL3AP0DC178526,2007,Jeep,Patriot,Lexington,KY
5J8TB4H56FL452994,2000,GMC,Yukon XL 2500,Houston,TX
1N6BF0KX0FN943662,2010,Bentley,Azure,South Bend,IN
WDDEJ9EB1DA215765,2011,Land Rover,LR4,Pocatello,ID
1FBNE3BL4AD539183,2011,Nissan,Pathfinder,Lynn,MA
1G6AJ5SX4F0896047,2011,Nissan,Versa,Bronx,NY
WA1DVAFEXAD757360,1997,Isuzu,Hombre Space,Newark,NJ
SCFEFBBC2AG243455,2009,Audi,A8,Schenectady,NY
1N6AA0CA5AN062257,1996,Lexus,ES,New Castle,PA
JTDKTUD33DD510241,1993,Mercedes-Benz,300TE,Houston,TX
5UXZV4C54BL836921,2004,Suzuki,Forenza,Albuquerque,NM
WBAEP334X4P754504,2002,Mercedes-Benz,CLK-Class,San Jose,CA
JTMHY7AJ1E4730110,2010,Volkswagen,Rabbit,Irvine,CA
WAUVT58E54A345564,2009,Chevrolet,Equinox,Huntington,WV
2T2BK1BAXFC384748,2000,Dodge,Viper,Jacksonville,FL
1GKS1CE01ER839047,2008,Mazda,Mazdaspeed 3,Detroit,MI
JN8AF5MR1FT182845,2009,Aptera,2e,Roanoke,VA
1FTEX1CM4CF233402,2000,Lincoln,LS,Columbus,MS
SALVP1BGXFH151447,1992,Isuzu,Space,Winston Salem,NC
KNAFT4A27B5564529,2003,Suzuki,XL-7,Tacoma,WA
JH4DC23171S051945,1996,Acura,Integra,Portland,OR
JH4CU2E64BC993545,2007,Kia,Rio,College Station,TX
JH4CU2F44DC505789,2011,Aston Martin,Vantage,Springfield,IL
KMHGC4DE7AU147344,2009,GMC,Acadia,San Jose,CA
JTEBU4BF5AK538068,2009,MINI,Cooper,Phoenix,AZ
WBAWV535X9P759224,2001,Audi,S8,Fort Worth,TX
WAU4FAFR8DA544108,2007,Cadillac,XLR-V,Seattle,WA
2T2BK1BA2BC409216,2005,Mitsubishi,Lancer,Tulsa,OK
1FTWX3A55AE739660,2009,Porsche,Boxster,Dulles,VA
2C3CDXHG0DH688308,1995,Ford,E-Series,Detroit,MI
WAUBC48H55K965253,2006,Chevrolet,Silverado,El Paso,TX
3D7JB1EP0BG205106,1994,BMW,3 Series,Houston,TX
5TDBW5G16DS466442,1997,Acura,TL,San Diego,CA
3FADP0L38AR893559,2005,Porsche,Carrera GT,Seminole,FL
1G6DG8E58C0364965,2011,Nissan,GT-R,Scranton,PA
KNAFX6A8XF5301199,1997,Lexus,LS,Alexandria,VA
5FRYD4H28FB482830,1998,Oldsmobile,88,San Antonio,TX
1GYS4CKJ6FR771758,1997,Ford,Escort,El Paso,TX
2HNYD188X2H487336,1989,Ford,Taurus,Phoenix,AZ
SCFAB02A57G904353,2006,Hummer,H2 SUT,Fairbanks,AK
WBA3K5C51EF156156,1988,Mercury,Cougar,Glendale,CA
WAUAFAFL0BN424811,1994,Mercury,Cougar,Milwaukee,WI
5NPE24AF0FH398171,1992,Dodge,D150,Glendale,AZ
WBA3R5C57EK252361,2000,Ford,Mustang,Orlando,FL
WAUEH94F88N033745,2008,GMC,Sierra 3500,Tacoma,WA
JA32U2FU7DU305625,1990,Volkswagen,Passat,Washington,DC
2T1BU4EE3CC768333,2003,Lexus,LX,Syracuse,NY
1C6RD6NTXCS878472,2012,Jeep,Wrangler,Fort Lauderdale,FL
JHMZF1C45DS940927,2003,Volkswagen,Jetta,Burbank,CA
19XFB2F57EE572460,2005,Nissan,Sentra,Orlando,FL
WAUWKAFR3AA370559,1992,Chevrolet,S10,Anaheim,CA
SCBLE37GX6C913393,2006,Pontiac,Daewoo Kalos,Washington,DC
19UYA42401A277591,2002,Land Rover,Freelander,Tuscaloosa,AL
JM3TB2BA2F0676197,1997,BMW,3 Series,Valdosta,GA
JA32X2HU1DU952297,2008,Chevrolet,Colorado,Fairfield,CT
1G6DP8E36D0968286,2003,Mercedes-Benz,E-Class,Alexandria,LA
5N1AT2MK6EC352925,1999,Volkswagen,Golf,Jacksonville,FL
3VWML7AJ3BM290272,1984,Mercedes-Benz,W201,Dayton,OH
1GD312CG2EF763765,2004,Infiniti,I,Washington,DC
3FAHP0CG4CR530666,1985,Ford,F-Series,Jamaica,NY
WAUMR44E96N842414,1992,Dodge,Caravan,Jackson,MS
2T1BURHE7FC622207,2005,Land Rover,LR3,El Paso,TX
3C63DPGLXCG035016,2011,Chevrolet,Express 1500,Bakersfield,CA
KNAFX6A81E5619596,2004,Mitsubishi,Lancer Evolution,San Francisco,CA
WAUDF98E58A695616,2011,Bentley,Continental,Morgantown,WV
WAUGGAFR7EA481840,1990,Audi,100,Bradenton,FL
1G4HP57M59U059101,1996,GMC,1500 Club Coupe,Columbia,MO
2T1BPRHEXFC968727,1984,Pontiac,Firefly,Fresno,CA
SCFBF04B38G184650,1996,Chrysler,Cirrus,Houston,TX
SALAG2D49CA038732,2007,Chevrolet,Silverado 1500,Nashville,TN
5N1AN0NU1AC286776,1986,Mercury,Marquis,El Paso,TX
WBAAX13414P447497,2010,GMC,Sierra 2500,Lawrenceville,GA
WBAKF5C51BE191278,2010,Dodge,Viper,Lincoln,NE
3C6TD5PT4CG078657,2001,Acura,NSX,Denver,CO
SCBBR9ZA9AC004940,1998,Lexus,GS,Harrisburg,PA
WVWED7AJ5CW649871,2005,Nissan,Maxima,Oklahoma City,OK
JN1AZ4EH4DM677070,1992,Dodge,Grand Caravan,Portland,OR
KMHCT4AE1DU888077,2011,Chevrolet,Camaro,Atlanta,GA
WAUFFBFL0CN835364,2009,Ferrari,599 GTB Fiorano,Houston,TX
5FNYF3H2XCB747362,2012,Dodge,Durango,El Paso,TX
5J8TB18237A563052,2010,Toyota,FJ Cruiser,Reno,NV
19UUA8F78CA144638,2008,Hyundai,Accent,Crawfordsville,IN
WBAAW33471E787940,2010,Toyota,Camry,Philadelphia,PA
WBAYE8C58DD749313,2012,Nissan,NV3500,Oklahoma City,OK
2B3CA8CT2AH334060,2001,Mitsubishi,Lancer,Simi Valley,CA
1GTN2TEH7FZ592145,2007,Infiniti,G35,Macon,GA
WBAWL73568P177959,2012,Nissan,Frontier,Salinas,CA
WAUHF98P16A053717,2010,Ford,F150,Madison,WI
JH4CU2E81CC285997,1995,GMC,Vandura G1500,Gatesville,TX
JM1NC2EF6A0360199,1993,Chevrolet,Caprice Classic,Richmond,VA
WA19FAFL0DA620189,2001,Mercury,Sable,Syracuse,NY
1C3CDFEB5ED801932,1998,Ford,Expedition,Boise,ID
19UYA42651A462236,1992,Toyota,Tercel,Jacksonville,FL
KM8JT3AB4BU134739,2001,Pontiac,Sunfire,El Paso,TX
5UXFA13516L871211,2010,Dodge,Nitro,Charleston,WV
5TDBKRFH8ES123876,2005,Dodge,Durango,Charleston,WV
1GYS3CEF5DR756689,2001,Land Rover,Discovery,Los Angeles,CA
WP0AB2A99AS924238,2011,Ram,2500,Muncie,IN
5TDBM5G16AS444863,1991,Buick,Coachbuilder,Tulsa,OK
3C4PDCBB9ET138309,2009,Ford,Mustang,New Haven,CT
3D73M4HL7BG827604,1993,BMW,7 Series,Chicago,IL
1G4GC5ER6DF119261,2008,Nissan,Armada,Charleston,WV
1FTEW1CM6EF973300,2000,Buick,Century,Pittsburgh,PA
WAUSH98E76A741686,1987,Volkswagen,GTI,Riverside,CA
WA1WMBFE8DD276092,1993,Infiniti,J,Lansing,MI
19UUA76508A913763,2006,Saab,9-5,Chicago,IL
KNAFU6A20B5818333,2010,Maserati,Quattroporte,Milwaukee,WI
WA1DGAFE9CD535423,2009,Saturn,Astra,San Jose,CA
WBAKB0C5XAC298046,1997,Pontiac,Firebird,Santa Monica,CA
